Product Title,SKU,GAME LINE [Discrete Page as collection],TOP FILTER - Sandy's Games,TOP FILTER - Larval Games,TOP FILTER - Game Genre,TOP FILTER - Theme,PRODUCT ATTRIBUTE - Player Count - MINIMUM,PRODUCT ATTRIBUTE -Player Count - MAXIMUM,PRODUCT ATTRIBUTE - Play Time,PRODUCT ATTRIBUTE - Age Level,PRODUCT ATTRIBUTE - Language,PRODUCT ATTRIBUTE - Hobby Weight,PRODUCT ATTRIBUTE - CORE GAME,Cthulhu Wars; Planet Apocalypse; Planet Apocalypse RPG specific sub-filters,"Price ","""Compare at Price"""
8-Bit-Attack,8-BIT-ATTACK,8 Bit Attack,,8 Bit Attack,Cooperative,Cthulhu Mythos; Fantasy; Sci-fi; Horror; Family Fun,1,5,60 min,10,English,1,Core Game,,29.99,0
8-Bit-Attack: Yog-Sothothery,8-BIT-ATTACK-1,8 Bit Attack,,8 Bit Attack,Cooperative,Cthulhu Mythos; Fantasy; Sci-fi; Horror; Family Fun,n/a,n/a,n/a,n/a,English,n/a,,,11.99,0
8-Bit-Attack: Mythic Legends,8-BIT-ATTACK-2,8 Bit Attack,,8 Bit Attack,Cooperative,Cthulhu Mythos; Fantasy; Sci-fi; Horror; Family Fun,n/a,n/a,n/a,n/a,English,n/a,,,11.99,0
8-Bit-Attack: Apocalypse,8-BIT-ATTACK-3,8 Bit Attack,,8 Bit Attack,Cooperative,Cthulhu Mythos; Fantasy; Sci-fi; Horror; Family Fun,n/a,n/a,n/a,n/a,English,n/a,,,11.99,0
8-Bit-Attack: Hyperspeed,8-BIT-ATTACK-4,8 Bit Attack,,8 Bit Attack,Cooperative,Cthulhu Mythos; Fantasy; Sci-fi; Horror; Family Fun,n/a,n/a,n/a,n/a,English,n/a,,,11.99,0
8-Bit-Attack: Happy Halloween!,8-BIT-ATTACK-5,8 Bit Attack,,8 Bit Attack,Cooperative,Cthulhu Mythos; Fantasy; Sci-fi; Horror; Family Fun,n/a,n/a,n/a,n/a,English,n/a,,,6.99,0
Rock-a-Bye Cthulhu,AP-RABC1,Book,,Book,Book,Cthulhu Mythos; Family Fun,n/a,n/a,n/a,n/a,English,n/a,,,12.99,0
Acolyte Activity Book,AP-RABC2,Book,,Book,Book,Cthulhu Mythos; Family Fun,n/a,n/a,n/a,n/a,English,n/a,,,4.99,0
The Anatomical Guide to Lovecraftian Horrors,BK-1,Book,,Book,Book,Cthulhu Mythos; Horror,n/a,n/a,n/a,n/a,English,n/a,,,29.99,39.99
The Colouring Book Out of Space,BK-2,Book,,Book,Book,Cthulhu Mythos; Family Fun,n/a,n/a,n/a,n/a,English,n/a,,,10.99,14.99
Cthulhu Wars Duel,CWD-1,Cthulhu Wars Duel,Cthulhu Wars Duel,,Strategy; Asymmetric,Cthulhu Mythos,2,2,30 min,14,English,3,Core Game,,29.99,0
Cthulhu Wars Duel - Extinction,CWD-2,Cthulhu Wars Duel,Cthulhu Wars Duel,,Strategy; Asymmetric,Cthulhu Mythos,2,2,30 min,14,English,3,Core Game,,29.99,0
Cthulhu Wars Duel - Reunion,CWD-3,Cthulhu Wars Duel,Cthulhu Wars Duel,,Strategy; Asymmetric,Cthulhu Mythos,n/a,n/a,n/a,n/a,English,n/a,,,7.99,0
3mm Faction Card Pack O1,CW-E10,Cthulhu Wars,Cthulhu Wars,,Strategy; Asymmetric,Cthulhu Mythos,n/a,n/a,n/a,n/a,English,n/a,,Deluxe Upgrade,9.99,14.99
3mm Faction Card Pack O3,CW-E10-O3,Cthulhu Wars,Cthulhu Wars,,Strategy; Asymmetric,Cthulhu Mythos,n/a,n/a,n/a,n/a,English,n/a,,Deluxe Upgrade,9.99,14.99
3mm Faction Card Pack O4,CW-E10-O4,Cthulhu Wars,Cthulhu Wars,,Strategy; Asymmetric,Cthulhu Mythos,n/a,n/a,n/a,n/a,English,n/a,,Deluxe Upgrade,14.99,0
Upgraded Cardstock items,CW-E11,Cthulhu Wars,Cthulhu Wars,,Strategy; Asymmetric,Cthulhu Mythos,n/a,n/a,n/a,n/a,English,n/a,,Deluxe Upgrade,9.99,0
Omega Master Rulebook - HARDCOVER O2,CW-E12,Cthulhu Wars,Cthulhu Wars,,Strategy; Asymmetric,Cthulhu Mythos,n/a,n/a,n/a,n/a,English,n/a,,Miscellanneous,11.99,19.99
Omega Master Rulebook - HARDCOVER O3,CW-E12-O3,Cthulhu Wars,Cthulhu Wars,,Strategy; Asymmetric,Cthulhu Mythos,n/a,n/a,n/a,n/a,English,n/a,,Miscellanneous,11.99,19.99
Omega Master Rulebook - HARDCOVER O4,CW-E12-O4,Cthulhu Wars,Cthulhu Wars,,Strategy; Asymmetric,Cthulhu Mythos,n/a,n/a,n/a,n/a,English,n/a,,Miscellanneous,19.99,0
20 Extra Battle Dice,CW-E13,Cthulhu Wars,Cthulhu Wars,,Strategy; Asymmetric,Cthulhu Mythos,n/a,n/a,n/a,n/a,English,n/a,,Custom Dice,14.99,0
Custom Dice Pack (Cthulhu Wars),CW-E14,Cthulhu Wars,Cthulhu Wars,,Strategy; Asymmetric,Cthulhu Mythos,n/a,n/a,n/a,n/a,English,n/a,,Custom Dice,11.99,0
Shining Trapezohedron O4,CW-E15-O4,Cthulhu Wars,Cthulhu Wars,,Strategy; Asymmetric,Cthulhu Mythos,n/a,n/a,n/a,n/a,English,n/a,,Deluxe Upgrade,49.99,0
Omega Master Rulebook - SOFTCOVER,CW-E16,Cthulhu Wars,Cthulhu Wars,,Strategy; Asymmetric,Cthulhu Mythos,n/a,n/a,n/a,n/a,English,n/a,,Miscellanneous,11.99,0
3mm Doom and Ritual Tracks,CW-E17,Cthulhu Wars,Cthulhu Wars,,Strategy; Asymmetric,Cthulhu Mythos,n/a,n/a,n/a,n/a,English,n/a,,Deluxe Upgrade,14.99,0
Stretch Goal Box O3,CW-E20,Cthulhu Wars,Cthulhu Wars,,Strategy; Asymmetric,Cthulhu Mythos,n/a,n/a,n/a,n/a,English,n/a,,Miscellanneous,79.99,0
Ancients High Priest,CW-E25,Cthulhu Wars,Cthulhu Wars,,Strategy; Asymmetric,Cthulhu Mythos,n/a,n/a,n/a,n/a,English,n/a,,Deluxe Upgrade,3.99,0
CW Ultimate Errata Pack O4,CW-E26,Cthulhu Wars,Cthulhu Wars,,Strategy; Asymmetric,Cthulhu Mythos,n/a,n/a,n/a,n/a,English,n/a,,Miscellanneous,24.99,0
Battle Dice O1,CW-E3,Cthulhu Wars,Cthulhu Wars,,Strategy; Asymmetric,Cthulhu Mythos,n/a,n/a,n/a,n/a,English,n/a,,Custom Dice,11.99,0
Opener of the Way Faction Expansion,CW-F1,Cthulhu Wars,Cthulhu Wars,,Strategy; Asymmetric,Cthulhu Mythos,n/a,n/a,n/a,n/a,English,n/a,,Playable Faction,59.99,0
Sleeper Faction Expansion,CW-F2,Cthulhu Wars,Cthulhu Wars,,Strategy; Asymmetric,Cthulhu Mythos,n/a,n/a,n/a,n/a,English,n/a,,Playable Faction,59.99,0
Windwalker Faction Expansion,CW-F3,Cthulhu Wars,Cthulhu Wars,,Strategy; Asymmetric,Cthulhu Mythos,n/a,n/a,n/a,n/a,English,n/a,,Playable Faction,59.99,0
Azathoth Neutral Expansion,CW-F4,Cthulhu Wars,Cthulhu Wars,,Strategy; Asymmetric,Cthulhu Mythos,n/a,n/a,n/a,n/a,English,n/a,,"Independents & Neutrals (Mercenary Units) ",59.99,0
The Tcho-Tchos Faction Expansion O2,CW-F5,Cthulhu Wars,Cthulhu Wars,,Strategy; Asymmetric,Cthulhu Mythos,n/a,n/a,n/a,n/a,English,n/a,,Playable Faction,49.99,59.99
The Tcho-Tchos Faction Expansion O3,CW-F5-O3,Cthulhu Wars,Cthulhu Wars,,Strategy; Asymmetric,Cthulhu Mythos,n/a,n/a,n/a,n/a,English,n/a,,Playable Faction,49.99,59.99
The Tcho-Tchos Faction Expansion O4,CW-F5-O4,Cthulhu Wars,Cthulhu Wars,,Strategy; Asymmetric,Cthulhu Mythos,n/a,n/a,n/a,n/a,English,n/a,,Playable Faction,59.99,0
The Ancients Faction Expansion,CW-F6,Cthulhu Wars,Cthulhu Wars,,Strategy; Asymmetric,Cthulhu Mythos,n/a,n/a,n/a,n/a,English,n/a,,Playable Faction,59.99,0
The Daemon Sultan Faction Expansion,CW-F7,Cthulhu Wars,Cthulhu Wars,,Strategy; Asymmetric,Cthulhu Mythos,n/a,n/a,n/a,n/a,English,n/a,,Playable Faction,59.99,0
Bubastis Faction Expansion,CW-F8,Cthulhu Wars,Cthulhu Wars,,Strategy; Asymmetric,Cthulhu Mythos,n/a,n/a,n/a,n/a,English,n/a,,Playable Faction,59.99,0
The Invasion Faction with NO MINIS,CW-F9-NM,Cthulhu Wars,Cthulhu Wars,,Strategy; Asymmetric,Cthulhu Mythos,n/a,n/a,n/a,n/a,English,n/a,,Playable Faction,19.99,0
Glowthulhu,CW-GLO1,Cthulhu Wars,Cthulhu Wars,,Strategy; Asymmetric,Cthulhu Mythos,n/a,n/a,n/a,n/a,English,n/a,,"Independents & Neutrals (Mercenary Units) ",24.99,0
Glow Great Old Ones,CW-GLO2,Cthulhu Wars,Cthulhu Wars,,Strategy; Asymmetric,Cthulhu Mythos,n/a,n/a,n/a,n/a,English,n/a,,"Independents & Neutrals (Mercenary Units) ",99.99,0
Great Old One Pack 1,CW-GOO1,Cthulhu Wars,Cthulhu Wars,,Strategy; Asymmetric,Cthulhu Mythos,n/a,n/a,n/a,n/a,English,n/a,,"Independents & Neutrals (Mercenary Units) ",39.99,0
Great Old One Pack 2,CW-GOO2,Cthulhu Wars,Cthulhu Wars,,Strategy; Asymmetric,Cthulhu Mythos,n/a,n/a,n/a,n/a,English,n/a,,"Independents & Neutrals (Mercenary Units) ",34.99,0
Great Old One Pack 3 (Gobogeg),CW-GOO3,Cthulhu Wars,Cthulhu Wars,,Strategy; Asymmetric,Cthulhu Mythos,n/a,n/a,n/a,n/a,English,n/a,,"Independents & Neutrals (Mercenary Units) ",14.99,0
Great Old One Pack 4,CW-GOO4,Cthulhu Wars,Cthulhu Wars,,Strategy; Asymmetric,Cthulhu Mythos,n/a,n/a,n/a,n/a,English,n/a,,"Independents & Neutrals (Mercenary Units) ",29.99,0
Primeval Map,CW-M1,Cthulhu Wars,Cthulhu Wars,,Strategy; Asymmetric,Cthulhu Mythos,2,5,n/a,n/a,English,n/a,,Maps,39.99,0
6-8 Player Map Pack,CW-M10,Cthulhu Wars,Cthulhu Wars,,Strategy; Asymmetric,Cthulhu Mythos,6,8,n/a,n/a,English,n/a,,Maps,79.99,0
6-8 Player Map Pack O4,CW-M10-O4,Cthulhu Wars,Cthulhu Wars,,Strategy; Asymmetric,Cthulhu Mythos,6,8,n/a,n/a,English,n/a,,Maps,99.99,0
Shaggai Map,CW-M11,Cthulhu Wars,Cthulhu Wars,,Strategy; Asymmetric,Cthulhu Mythos,2,5,n/a,n/a,English,n/a,,Maps,39.99,0
6-8 Player Shaggai Map,CW-M12,Cthulhu Wars,Cthulhu Wars,,Strategy; Asymmetric,Cthulhu Mythos,6,8,n/a,n/a,English,n/a,,Maps,29.99,0
Oversized 3-5 Player Earth Map,CW-M13,Cthulhu Wars,Cthulhu Wars,,Strategy; Asymmetric,Cthulhu Mythos,2,5,n/a,n/a,English,n/a,,Maps,39.99,0
9-11 Earth Map (Part 1 of 2; Map only),CW-M14A,Cthulhu Wars,Cthulhu Wars,,Strategy; Asymmetric,Cthulhu Mythos,9,12,n/a,n/a,English,n/a,,Maps,49.99,0
Dreamlands Map,CW-M2,Cthulhu Wars,Cthulhu Wars,,Strategy; Asymmetric,Cthulhu Mythos,2,5,n/a,n/a,English,n/a,,Maps,39.99,0
Yuggoth Map,CW-M3,Cthulhu Wars,Cthulhu Wars,,Strategy; Asymmetric,Cthulhu Mythos,2,5,n/a,n/a,English,n/a,,Maps,39.99,0
Yuggoth Map O4,CW-M3-O4,Cthulhu Wars,Cthulhu Wars,,Strategy; Asymmetric,Cthulhu Mythos,2,5,n/a,n/a,English,n/a,,Maps,39.99,0
6-8 Player Earth Map,CW-M4,Cthulhu Wars,Cthulhu Wars,,Strategy; Asymmetric,Cthulhu Mythos,6,8,n/a,n/a,English,n/a,,Maps,29.99,0
Great Library at Celaeno Map,CW-M5,Cthulhu Wars,Cthulhu Wars,,Strategy; Asymmetric,Cthulhu Mythos,2,5,n/a,n/a,English,n/a,,Maps,39.99,0
6-8 Player Primeval Map,CW-M6,Cthulhu Wars,Cthulhu Wars,,Strategy; Asymmetric,Cthulhu Mythos,6,8,n/a,n/a,English,n/a,,Maps,29.99,0
6-8 Player Dreamlands Map,CW-M7,Cthulhu Wars,Cthulhu Wars,,Strategy; Asymmetric,Cthulhu Mythos,6,8,n/a,n/a,English,n/a,,Maps,29.99,0
6-8 Player Yuggoth Map,CW-M8,Cthulhu Wars,Cthulhu Wars,,Strategy; Asymmetric,Cthulhu Mythos,6,8,n/a,n/a,English,n/a,,Maps,29.99,0
6-8 Player Library of Celaeno Map,CW-M9,Cthulhu Wars,Cthulhu Wars,,Strategy; Asymmetric,Cthulhu Mythos,6,8,n/a,n/a,English,n/a,,Maps,29.99,0
Cthulhu Wars (O2 Edition),CWO2,Cthulhu Wars,Cthulhu Wars,,Strategy; Asymmetric,Cthulhu Mythos,2,4,60-90 min,14,English,3,Core Game,Core Game,179,199
Cthulhu Wars (O2 DE),CWO2-DE,Cthulhu Wars,Cthulhu Wars,,Strategy; Asymmetric,Cthulhu Mythos,2,4,60-90 min,14,German,3,Core Game,Core Game,179,199
Cthulhu Wars (O2 Spanish Edition),CWO2-ES,Cthulhu Wars,Cthulhu Wars,,Strategy; Asymmetric,Cthulhu Mythos,2,4,60-90 min,14,Spanish,3,Core Game,Core Game,179,199
Cthulhu Wars (O2 Japanese Edition),CWO2-JPN,Cthulhu Wars,Cthulhu Wars,,Strategy; Asymmetric,Cthulhu Mythos,2,4,60-90 min,14,Japanese,3,Core Game,Core Game,179,199
Cthulhu Wars (O3 Edition),CWO3,Cthulhu Wars,Cthulhu Wars,,Strategy; Asymmetric,Cthulhu Mythos,2,4,60-90 min,14,English,3,Core Game,Core Game,179,199
Cthulhu Wars (O3 Japanese Edition),CWO3-JP,Cthulhu Wars,Cthulhu Wars,,Strategy; Asymmetric,Cthulhu Mythos,2,4,60-90 min,14,Japanese,3,Core Game,Core Game,179,199
Exclusive Japanese SUPER EXPANSION,CWO3-JP-1,Cthulhu Wars,Cthulhu Wars,,Strategy; Asymmetric,Cthulhu Mythos,2,8,n/a,n/a,Japanese,n/a,,Playable Faction,179,199
Cthulhu Wars (O3 Russian Edition),CWO3-RU,Cthulhu Wars,Cthulhu Wars,,Strategy; Asymmetric,Cthulhu Mythos,2,4,60-90 min,14,Russian,3,Core Game,Core Game,179,199
Cthulhu Wars (O3 VF),CWO3-VF,Cthulhu Wars,Cthulhu Wars,,Strategy; Asymmetric,Cthulhu Mythos,2,4,60-90 min,14,VF,3,Core Game,Core Game,179,199
Cthulhu Wars (O4 Edition),CWO4,Cthulhu Wars,Cthulhu Wars,,Strategy; Asymmetric,Cthulhu Mythos,2,4,60-90 min,14,English,3,Core Game,Core Game,199,0
Ramsey Campbell Horrors 1,CW-RC1,Cthulhu Wars,Cthulhu Wars,,Strategy; Asymmetric,Cthulhu Mythos,n/a,n/a,n/a,n/a,English,n/a,,"Independents & Neutrals (Mercenary Units) ",29.99,0
Ramsey Campbell Horrors 2,CW-RC2,Cthulhu Wars,Cthulhu Wars,,Strategy; Asymmetric,Cthulhu Mythos,n/a,n/a,n/a,n/a,English,n/a,,"Independents & Neutrals (Mercenary Units) ",29.99,0
Dreamlands Surface Monsters,CW-U1,Cthulhu Wars,Cthulhu Wars,,Strategy; Asymmetric,Cthulhu Mythos,n/a,n/a,n/a,n/a,English,n/a,,"Independents & Neutrals (Mercenary Units) ",29.99,0
Masks of Nyarlathotep,CW-U10,Cthulhu Wars,Cthulhu Wars,,Strategy; Asymmetric,Cthulhu Mythos,n/a,n/a,n/a,n/a,English,n/a,,"Independents & Neutrals (Mercenary Units) ",39.99,0
Beyond Time and Space,CW-U11,Cthulhu Wars,Cthulhu Wars,,Strategy; Asymmetric,Cthulhu Mythos,n/a,n/a,n/a,n/a,English,n/a,,"Independents & Neutrals (Mercenary Units) ",24.99,0
Alternate Faction Acolytes,CW-U12,Cthulhu Wars,Cthulhu Wars,,Strategy; Asymmetric,Cthulhu Mythos,n/a,n/a,n/a,n/a,English,n/a,,Deluxe Upgrade,49.99,0
Dire Cthulhu,CW-U13,Cthulhu Wars,Cthulhu Wars,,Strategy; Asymmetric,Cthulhu Mythos,n/a,n/a,n/a,n/a,English,n/a,,"Independents & Neutrals (Mercenary Units) ",24.99,0
Battle Dice - Cthulhu,CW-U14,Cthulhu Wars,Cthulhu Wars,,Strategy; Asymmetric,Cthulhu Mythos,n/a,n/a,n/a,n/a,English,n/a,,Custom Dice,14.99,0
Battle Dice - Black Goat,CW-U15,Cthulhu Wars,Cthulhu Wars,,Strategy; Asymmetric,Cthulhu Mythos,n/a,n/a,n/a,n/a,English,n/a,,Custom Dice,14.99,0
Battle Dice - Crawling Chaos,CW-U16,Cthulhu Wars,Cthulhu Wars,,Strategy; Asymmetric,Cthulhu Mythos,n/a,n/a,n/a,n/a,English,n/a,,Custom Dice,14.99,0
Battle Dice - Yellow Sign,CW-U17,Cthulhu Wars,Cthulhu Wars,,Strategy; Asymmetric,Cthulhu Mythos,n/a,n/a,n/a,n/a,English,n/a,,Custom Dice,14.99,0
Battle Dice - Opener,CW-U18,Cthulhu Wars,Cthulhu Wars,,Strategy; Asymmetric,Cthulhu Mythos,n/a,n/a,n/a,n/a,English,n/a,,Custom Dice,14.99,0
Battle Dice - Sleeper,CW-U19,Cthulhu Wars,Cthulhu Wars,,Strategy; Asymmetric,Cthulhu Mythos,n/a,n/a,n/a,n/a,English,n/a,,Custom Dice,14.99,0
Dreamlands Underworld Monsters,CW-U2,Cthulhu Wars,Cthulhu Wars,,Strategy; Asymmetric,Cthulhu Mythos,n/a,n/a,n/a,n/a,English,n/a,,"Independents & Neutrals (Mercenary Units) ",29.99,0
Battle Dice - Windwalker,CW-U20,Cthulhu Wars,Cthulhu Wars,,Strategy; Asymmetric,Cthulhu Mythos,n/a,n/a,n/a,n/a,English,n/a,,Custom Dice,14.99,0
Battle Dice - Tcho-Tcho,CW-U21,Cthulhu Wars,Cthulhu Wars,,Strategy; Asymmetric,Cthulhu Mythos,n/a,n/a,n/a,n/a,English,n/a,,Custom Dice,14.99,0
Battle Dice - Ancients,CW-U22,Cthulhu Wars,Cthulhu Wars,,Strategy; Asymmetric,Cthulhu Mythos,n/a,n/a,n/a,n/a,English,n/a,,Custom Dice,14.99,0
Battle Dice - Silver,CW-U23,Cthulhu Wars,Cthulhu Wars,,Strategy; Asymmetric,Cthulhu Mythos,n/a,n/a,n/a,n/a,English,n/a,,Custom Dice,14.99,0
Battle Dice - 200 Dice O3,CW-U24,Cthulhu Wars,Cthulhu Wars,,Strategy; Asymmetric,Cthulhu Mythos,n/a,n/a,n/a,n/a,English,n/a,,Custom Dice,74.99,0
Battle Dice - 240 Dice O4,CW-U24-O4,Cthulhu Wars,Cthulhu Wars,,Strategy; Asymmetric,Cthulhu Mythos,n/a,n/a,n/a,n/a,English,n/a,,Custom Dice,79.99,0
Unnameable Set,CW-U25,Cthulhu Wars,Cthulhu Wars,,Strategy; Asymmetric,Cthulhu Mythos,n/a,n/a,n/a,n/a,English,n/a,,Miscellanneous,14.99,0
Unnameable Set O4,CW-U25-O4,Cthulhu Wars,Cthulhu Wars,,Strategy; Asymmetric,Cthulhu Mythos,n/a,n/a,n/a,n/a,English,n/a,,Miscellanneous,14.99,0
Neutral Unit Identifiers,CW-U26,Cthulhu Wars,Cthulhu Wars,,Strategy; Asymmetric,Cthulhu Mythos,n/a,n/a,n/a,n/a,English,n/a,,Deluxe Upgrade,29.99,0
Neutral Unit Identifiers O4,CW-U26-O4,Cthulhu Wars,Cthulhu Wars,,Strategy; Asymmetric,Cthulhu Mythos,n/a,n/a,n/a,n/a,English,n/a,,Deluxe Upgrade,39.99,0
Dire Azathoth,CW-U27,Cthulhu Wars,Cthulhu Wars,,Strategy; Asymmetric,Cthulhu Mythos,n/a,n/a,n/a,n/a,English,n/a,,"Independents & Neutrals (Mercenary Units) ",29.99,0
Nodens,CW-U28,Cthulhu Wars,Cthulhu Wars,,Strategy; Asymmetric,Cthulhu Mythos,n/a,n/a,n/a,n/a,English,n/a,,"Independents & Neutrals (Mercenary Units) ",24.99,0
Brown Jenkin,CW-U29,Cthulhu Wars,Cthulhu Wars,,Strategy; Asymmetric,Cthulhu Mythos,n/a,n/a,n/a,n/a,English,n/a,,"Independents & Neutrals (Mercenary Units) ",11.99,0
High Priests,CW-U3,Cthulhu Wars,Cthulhu Wars,,Strategy; Asymmetric,Cthulhu Mythos,n/a,n/a,n/a,n/a,English,n/a,,Miscellanneous,24.99,0
Cacodemon,CW-U30,Cthulhu Wars,Cthulhu Wars,,Strategy; Asymmetric,Cthulhu Mythos,n/a,n/a,n/a,n/a,English,n/a,,"Independents & Neutrals (Mercenary Units) ",14.99,0
The Elder Shoggoth,CW-U31,Cthulhu Wars,Cthulhu Wars,,Strategy; Asymmetric,Cthulhu Mythos,n/a,n/a,n/a,n/a,English,n/a,,"Independents & Neutrals (Mercenary Units) ",11.99,0
Giant Blind Albino Penguin,CW-U32,Cthulhu Wars,Cthulhu Wars,,Strategy; Asymmetric,Cthulhu Mythos,n/a,n/a,n/a,n/a,English,n/a,,"Independents & Neutrals (Mercenary Units) ",11.99,0
Something About Cats,CW-U33,Cthulhu Wars,Cthulhu Wars,,Strategy; Asymmetric,Cthulhu Mythos,n/a,n/a,n/a,n/a,English,n/a,,"Independents & Neutrals (Mercenary Units) ",39.99,0
Battle Dice - Bubastis,CW-U34,Cthulhu Wars,Cthulhu Wars,,Strategy; Asymmetric,Cthulhu Mythos,n/a,n/a,n/a,n/a,English,n/a,,Custom Dice,14.99,0
Neutral Unit Identifiers - Bubastis,CW-U35,Cthulhu Wars,Cthulhu Wars,,Strategy; Asymmetric,Cthulhu Mythos,n/a,n/a,n/a,n/a,English,n/a,,Deluxe Upgrade,7.5,0
Neutral Unit Identifiers - Daemon Sultan,CW-U37,Cthulhu Wars,Cthulhu Wars,,Strategy; Asymmetric,Cthulhu Mythos,n/a,n/a,n/a,n/a,English,n/a,,Deluxe Upgrade,7.5,0
Classic Acolytes and High Priest - Daemon Sultan,CW-U38,Cthulhu Wars,Cthulhu Wars,,Strategy; Asymmetric,Cthulhu Mythos,n/a,n/a,n/a,n/a,English,n/a,,Deluxe Upgrade,12.99,0
Tcho-Tcho Tribes,CW-U39,Cthulhu Wars,Cthulhu Wars,,Strategy; Asymmetric,Cthulhu Mythos,n/a,n/a,n/a,n/a,English,n/a,,Miscellanneous,6.99,0
High Priests O3,CW-U3-O3,Cthulhu Wars,Cthulhu Wars,,Strategy; Asymmetric,Cthulhu Mythos,n/a,n/a,n/a,n/a,English,n/a,,Miscellanneous,24.99,0
High Priests O4,CW-U3-O4,Cthulhu Wars,Cthulhu Wars,,Strategy; Asymmetric,Cthulhu Mythos,n/a,n/a,n/a,n/a,English,n/a,,Miscellanneous,24.99,0
Gates,CW-U4,Cthulhu Wars,Cthulhu Wars,,Strategy; Asymmetric,Cthulhu Mythos,n/a,n/a,n/a,n/a,English,n/a,,Deluxe Upgrade,29.99,0
Battle Dice - The Invasion,CW-U40,Cthulhu Wars,Cthulhu Wars,,Strategy; Asymmetric,Cthulhu Mythos,n/a,n/a,n/a,n/a,English,n/a,,Custom Dice,14.99,0
Neutral Unit Identifiers - The Invasion,CW-U41,Cthulhu Wars,Cthulhu Wars,,Strategy; Asymmetric,Cthulhu Mythos,n/a,n/a,n/a,n/a,English,n/a,,Deluxe Upgrade,7.5,0
The Dunwich Horror,CW-U42,Cthulhu Wars,Cthulhu Wars,,Strategy; Asymmetric,Cthulhu Mythos,n/a,n/a,n/a,n/a,English,n/a,,"Independents & Neutrals (Mercenary Units) ",89.99,0
Cosmic Terrors,CW-U5,Cthulhu Wars,Cthulhu Wars,,Strategy; Asymmetric,Cthulhu Mythos,n/a,n/a,n/a,n/a,English,n/a,,"Independents & Neutrals (Mercenary Units) ",29.99,0
H.P. Lovecraft Bust,CW-U6,Cthulhu Wars,Cthulhu Wars,,Strategy; Asymmetric,Cthulhu Mythos,n/a,n/a,n/a,n/a,English,n/a,,Deluxe Upgrade,24.99,0
Colour Out of Space Gate Pack,CW-U7,Cthulhu Wars,Cthulhu Wars,,Strategy; Asymmetric,Cthulhu Mythos,n/a,n/a,n/a,n/a,English,n/a,,Deluxe Upgrade,24.99,0
Homebrew Faction + Collectibles O2,CW-U8,Cthulhu Wars,Cthulhu Wars,,Strategy; Asymmetric,Cthulhu Mythos,n/a,n/a,n/a,n/a,English,n/a,,Deluxe Upgrade,19.99,0
Eldritch Gate Pack,CW-U9,Cthulhu Wars,Cthulhu Wars,,Strategy; Asymmetric,Cthulhu Mythos,n/a,n/a,n/a,n/a,English,n/a,,Deluxe Upgrade,49.99,0
Eldritch Gate Pack O3,CW-U9-O3,Cthulhu Wars,Cthulhu Wars,,Strategy; Asymmetric,Cthulhu Mythos,n/a,n/a,n/a,n/a,English,n/a,,Deluxe Upgrade,49.99,0
Cthulhu Wars (O1 VF),CW-VF-CG,Cthulhu Wars,Cthulhu Wars,,Strategy; Asymmetric,Cthulhu Mythos,n/a,n/a,n/a,n/a,VF,3,Core Game,Core Game,199,0
3mm Faction Card Pack (VF),CW-VF-E10,Cthulhu Wars,Cthulhu Wars,,Strategy; Asymmetric,Cthulhu Mythos,n/a,n/a,n/a,n/a,VF,n/a,,Deluxe Upgrade,14.99,0
The Omega Master Rulebook - HARDCOVER (VF),CW-VF-E12,Cthulhu Wars,Cthulhu Wars,,Strategy; Asymmetric,Cthulhu Mythos,n/a,n/a,n/a,n/a,VF,n/a,,Miscellanneous,24.99,0
3mm Doom and Ritual Tracks (VF),CW-VF-E17,Cthulhu Wars,Cthulhu Wars,,Strategy; Asymmetric,Cthulhu Mythos,n/a,n/a,n/a,n/a,VF,n/a,,Deluxe Upgrade,19.99,0
Stretch Goal Box (O3 VF),CW-VF-E20,Cthulhu Wars,Cthulhu Wars,,Strategy; Asymmetric,Cthulhu Mythos,n/a,n/a,n/a,n/a,VF,n/a,,Miscellanneous,14.99,0
Opener of the Way Faction Expansion (VF),CW-VF-F1,Cthulhu Wars,Cthulhu Wars,,Strategy; Asymmetric,Cthulhu Mythos,n/a,n/a,n/a,n/a,VF,n/a,,Playable Faction,59.99,0
The Sleeper Faction Expansion (VF),CW-VF-F2,Cthulhu Wars,Cthulhu Wars,,Strategy; Asymmetric,Cthulhu Mythos,n/a,n/a,n/a,n/a,VF,n/a,,Playable Faction,59.99,0
Windwalker Faction Expansion (VF),CW-VF-F3,Cthulhu Wars,Cthulhu Wars,,Strategy; Asymmetric,Cthulhu Mythos,n/a,n/a,n/a,n/a,VF,n/a,,Playable Faction,59.99,0
Azathoth Faction Expansion (VF),CW-VF-F4,Cthulhu Wars,Cthulhu Wars,,Strategy; Asymmetric,Cthulhu Mythos,n/a,n/a,n/a,n/a,VF,n/a,,"Independents & Neutrals (Mercenary Units) ",59.99,0
The Tcho-Tchos Faction Expansion (VF),CW-VF-F5,Cthulhu Wars,Cthulhu Wars,,Strategy; Asymmetric,Cthulhu Mythos,n/a,n/a,n/a,n/a,VF,n/a,,Playable Faction,59.99,0
The Ancients Faction (VF),CW-VF-F6,Cthulhu Wars,Cthulhu Wars,,Strategy; Asymmetric,Cthulhu Mythos,n/a,n/a,n/a,n/a,VF,n/a,,Playable Faction,59.99,0
Great Old One Pack 1 (VF),CW-VF-GOO1,Cthulhu Wars,Cthulhu Wars,,Strategy; Asymmetric,Cthulhu Mythos,n/a,n/a,n/a,n/a,VF,n/a,,"Independents & Neutrals (Mercenary Units) ",39.99,0
Great Old One Pack 2 (VF),CW-VF-GOO2,Cthulhu Wars,Cthulhu Wars,,Strategy; Asymmetric,Cthulhu Mythos,n/a,n/a,n/a,n/a,VF,n/a,,"Independents & Neutrals (Mercenary Units) ",34.99,0
Primeval Map (VF),CW-VF-M1,Cthulhu Wars,Cthulhu Wars,,Strategy; Asymmetric,Cthulhu Mythos,2,5,n/a,n/a,VF,n/a,,Maps,39.99,0
Shaggai Map (VF),CW-VF-M11,Cthulhu Wars,Cthulhu Wars,,Strategy; Asymmetric,Cthulhu Mythos,2,5,n/a,n/a,VF,n/a,,Maps,39.99,0
Library at Celaeno Map (VF),CW-VF-M5,Cthulhu Wars,Cthulhu Wars,,Strategy; Asymmetric,Cthulhu Mythos,2,5,n/a,n/a,VF,n/a,,Maps,39.99,0
Ramsey Campbell Horrors 1 (VF),CW-VF-RC1,Cthulhu Wars,Cthulhu Wars,,Strategy; Asymmetric,Cthulhu Mythos,n/a,n/a,n/a,n/a,VF,n/a,,"Independents & Neutrals (Mercenary Units) ",29.99,0
Masks of Nyarlathotep (VF),CW-VF-U10,Cthulhu Wars,Cthulhu Wars,,Strategy; Asymmetric,Cthulhu Mythos,n/a,n/a,n/a,n/a,VF,n/a,,"Independents & Neutrals (Mercenary Units) ",39.99,0
Beyond Time and Space (VF),CW-VF-U11,Cthulhu Wars,Cthulhu Wars,,Strategy; Asymmetric,Cthulhu Mythos,n/a,n/a,n/a,n/a,VF,n/a,,"Independents & Neutrals (Mercenary Units) ",24.99,0
Dire Cthulhu (VF),CW-VF-U13,Cthulhu Wars,Cthulhu Wars,,Strategy; Asymmetric,Cthulhu Mythos,n/a,n/a,n/a,n/a,VF,n/a,,"Independents & Neutrals (Mercenary Units) ",24.99,0
Dreamlands Underworld Monsters (VF),CW-VF-U2,Cthulhu Wars,Cthulhu Wars,,Strategy; Asymmetric,Cthulhu Mythos,n/a,n/a,n/a,n/a,VF,n/a,,"Independents & Neutrals (Mercenary Units) ",29.99,0
Dire Azathoth (VF),CW-VF-U27,Cthulhu Wars,Cthulhu Wars,,Strategy; Asymmetric,Cthulhu Mythos,n/a,n/a,n/a,n/a,VF,n/a,,"Independents & Neutrals (Mercenary Units) ",29.99,0
Nodens (VF),CW-VF-U28,Cthulhu Wars,Cthulhu Wars,,Strategy; Asymmetric,Cthulhu Mythos,n/a,n/a,n/a,n/a,VF,n/a,,"Independents & Neutrals (Mercenary Units) ",24.99,0
Brown Jenkin (VF),CW-VF-U29,Cthulhu Wars,Cthulhu Wars,,Strategy; Asymmetric,Cthulhu Mythos,n/a,n/a,n/a,n/a,VF,n/a,,"Independents & Neutrals (Mercenary Units) ",11.99,0
High Priests (VF),CW-VF-U3,Cthulhu Wars,Cthulhu Wars,,Strategy; Asymmetric,Cthulhu Mythos,n/a,n/a,n/a,n/a,VF,n/a,,Miscellanneous,24.99,0
Cacodemon (VF),CW-VF-U30,Cthulhu Wars,Cthulhu Wars,,Strategy; Asymmetric,Cthulhu Mythos,n/a,n/a,n/a,n/a,VF,n/a,,"Independents & Neutrals (Mercenary Units) ",14.99,0
Cosmic Terrors (VF),CW-VF-U5,Cthulhu Wars,Cthulhu Wars,,Strategy; Asymmetric,Cthulhu Mythos,n/a,n/a,n/a,n/a,VF,n/a,,"Independents & Neutrals (Mercenary Units) ",29.99,0
Dicenstein,D,Dicenstein,,Dicenstein,,Horror; Family Fun,2,4,45 min,10,English,2,Core Game,,69.99,0
Mr. Shiny,D-E1,Dicenstein,,Dicenstein,,Horror; Family Fun,n/a,n/a,n/a,n/a,English,n/a,,,4.99,0
Evil High Priest,EHP,Evil High Priest,Evil High Priest,,Worker Placement,Cthulhu Mythos,2,5,45 min,14,English,3,Core Game,,59.99,0
The Blood Ceremony,EHP-1,Evil High Priest,Evil High Priest,,Worker Placement,Cthulhu Mythos,n/a,n/a,n/a,n/a,English,n/a,,,29.99,0
The Dark Ritual,EHP-2,Evil High Priest,Evil High Priest,,Worker Placement,Cthulhu Mythos,n/a,n/a,n/a,n/a,English,n/a,,,29.99,0
Artifact Pack,EHP-3,Evil High Priest,Evil High Priest,,Worker Placement,Cthulhu Mythos,n/a,n/a,n/a,n/a,English,n/a,,,49.99,0
Cultic Set 1,EHP-4,Evil High Priest,Evil High Priest,,Worker Placement,Cthulhu Mythos,n/a,n/a,n/a,n/a,English,n/a,,,44.99,0
Cultic Set 2,EHP-5,Evil High Priest,Evil High Priest,,Worker Placement,Cthulhu Mythos,n/a,n/a,n/a,n/a,English,n/a,,,39.99,0
Cultic Set 3,EHP-6,Evil High Priest,Evil High Priest,,Worker Placement,Cthulhu Mythos,n/a,n/a,n/a,n/a,English,n/a,,,19.99,0
Monstrous Art Prints,EHP-Art,Evil High Priest,Evil High Priest,,Worker Placement,Cthulhu Mythos,n/a,n/a,n/a,n/a,English,n/a,,,24.99,0
Extra Evil High Priest Dice,EHP-DICE,Evil High Priest,Evil High Priest,,Worker Placement,Cthulhu Mythos,n/a,n/a,n/a,n/a,English,n/a,,,0.99,0
Harbinger Cthulhu (with Rules),HARB-1,Cthulhu Wars,Cthulhu Wars,,Strategy; Asymmetric,Cthulhu Mythos,n/a,n/a,n/a,n/a,English,n/a,,"Independents & Neutrals (Mercenary Units) ",59.99,0
Harbinger Cthulhu ART PRINT,HARB-ART,Cthulhu Wars,Cthulhu Wars,,Strategy; Asymmetric,Cthulhu Mythos,n/a,n/a,n/a,n/a,English,n/a,,Fine Art,19.99,0
Hastur Art Print,HR-ART-1,Cthulhu Wars,Cthulhu Wars,,Strategy; Asymmetric,Cthulhu Mythos,n/a,n/a,n/a,n/a,English,n/a,,Fine Art,24.99,0
King in Yellow Art Print,HR-ART-2,Cthulhu Wars,Cthulhu Wars,,Strategy; Asymmetric,Cthulhu Mythos,n/a,n/a,n/a,n/a,English,n/a,,Fine Art,14.99,0
Hastur Rising Dice,HR-DICE,Cthulhu Wars,Cthulhu Wars,,Strategy; Asymmetric,Cthulhu Mythos,n/a,n/a,n/a,n/a,English,n/a,,Custom Dice,7.99,0
Boss Pack,OMD-Boss,Orcs Must Die!,Orcs Must Die!,,Cooperative; Tower Defense; Teams,Fantasy,n/a,n/a,n/a,n/a,English,n/a,,,29.99,0
Exclusive Pack,OMD-Exclusives,Orcs Must Die!,Orcs Must Die!,,Cooperative; Tower Defense; Teams,Fantasy,n/a,n/a,n/a,n/a,English,n/a,,,24.99,0
100 Glow Skulls,OMD-Glow,Orcs Must Die!,Orcs Must Die!,,Cooperative; Tower Defense; Teams,Fantasy,n/a,n/a,n/a,n/a,English,n/a,,,9.99,0
Order Hero Pack,OMD-Hero1,Orcs Must Die!,Orcs Must Die!,,Cooperative; Tower Defense; Teams,Fantasy,n/a,n/a,n/a,n/a,English,n/a,,,29.99,0
Minion Pack,OMD-Minion,Orcs Must Die!,Orcs Must Die!,,Cooperative; Tower Defense; Teams,Fantasy,n/a,n/a,n/a,n/a,English,n/a,,,29.99,0
Orcs Must Die! Order Edition,OMD-O,Orcs Must Die!,Orcs Must Die!,,Cooperative; Tower Defense; Teams,Fantasy,1,4,60-90 min,14,English,2,Core Game,,99.99,0
Orcs Must Die! Unchained Edition,OMD-U,Orcs Must Die!,Orcs Must Die!,,Cooperative; Tower Defense; Teams,Fantasy,1,4,60-90 min,14,English,2,Core Game,,99.99,0
Planet Apocalypse,PA,Planet Apocalypse,Planet Apocalypse,,Cooperative; Tower Defense,Horror,1,5,60 min,14,English,4,Core Game,Core Game,99.99,0
Planet Apocalypse core game 3mm Upgrade,PA3MMUPGRADE,Planet Apocalypse,Planet Apocalypse,,Cooperative; Tower Defense,Horror,n/a,n/a,n/a,n/a,English,n/a,,Deluxe Upgrade,11.99,0
DM Screen for Planet Apocalypse (5e RPG),PA-5E-SCREEN,Planet Apocalypse RPG,Planet Apocalypse RPG,,RPG - 5th edition,Horror,n/a,n/a,n/a,n/a,English,n/a,,DM Screen,19.99,0
Demonology Art Print,PA-Art,Planet Apocalypse,Planet Apocalypse,,Cooperative; Tower Defense,Horror,n/a,n/a,n/a,n/a,English,n/a,,Fine Art,29.99,0
Planet Apocalypse core game DE,PA-DE,Planet Apocalypse,Planet Apocalypse,,Cooperative; Tower Defense,Horror,1,5,60 min,14,German,4,Core Game,Core Game,99.99,0
Planet Apocalypse DE  3mm Upgrade,PA-DE-3MMUPGRADE,Planet Apocalypse,Planet Apocalypse,,Cooperative; Tower Defense,Horror,n/a,n/a,n/a,n/a,German,n/a,,Deluxe Upgrade,11.99,0
Void Pack DE,PA-DE-E1,Planet Apocalypse,Planet Apocalypse,,Cooperative; Tower Defense,Horror,n/a,n/a,n/a,n/a,German,n/a,,,79.99,0
Void Pack 3mm Upgrade DE,PA-DE-E13MMUPGRADE,Planet Apocalypse,Planet Apocalypse,,Cooperative; Tower Defense,Horror,n/a,n/a,n/a,n/a,German,n/a,,Deluxe Upgrade,6.99,0
Dragon Pack DE,PA-DE-E2,Planet Apocalypse,Planet Apocalypse,,Cooperative; Tower Defense,Horror,n/a,n/a,n/a,n/a,German,n/a,,,79.99,0
Dragon Pack 3mm Upgrade DE,PA-DE-E23MMUPGRADE,Planet Apocalypse,Planet Apocalypse,,Cooperative; Tower Defense,Horror,n/a,n/a,n/a,n/a,German,n/a,,Deluxe Upgrade,6.99,0
Pack of the Pit DE,PA-DE-E3,Planet Apocalypse,Planet Apocalypse,,Cooperative; Tower Defense,Horror,n/a,n/a,n/a,n/a,German,n/a,,,79.99,0
Pack of the Pit 3mm Upgrade DE,PA-DE-E33MMUPGRADE,Planet Apocalypse,Planet Apocalypse,,Cooperative; Tower Defense,Horror,n/a,n/a,n/a,n/a,German,n/a,,Deluxe Upgrade,6.99,0
Power Pack DE,PA-DE-E4,Planet Apocalypse,Planet Apocalypse,,Cooperative; Tower Defense,Horror,n/a,n/a,n/a,n/a,German,n/a,,,79.99,0
Power Pack 3mm Upgrade DE,PA-DE-E43MMUPGRADE,Planet Apocalypse,Planet Apocalypse,,Cooperative; Tower Defense,Horror,n/a,n/a,n/a,n/a,German,n/a,,Deluxe Upgrade,6.99,0
Lord 1 - Jabootu DE,PA-DE-L1,Planet Apocalypse,Planet Apocalypse,,Cooperative; Tower Defense,Horror,n/a,n/a,n/a,n/a,German,n/a,,Demon Lords,24.99,0
Lord 1 - Jabootu DE 3mm Upgrade,PA-DE-L13MMUPGRADE,Planet Apocalypse,Planet Apocalypse,,Cooperative; Tower Defense,Horror,n/a,n/a,n/a,n/a,German,n/a,,Deluxe Upgrade,4.99,0
Lady 2 - Scylla DE,PA-DE-L2,Planet Apocalypse,Planet Apocalypse,,Cooperative; Tower Defense,Horror,n/a,n/a,n/a,n/a,German,n/a,,Demon Lords,24.99,0
Lady 2 - Scylla DE 3mm Upgrade,PA-DE-L23MMUPGRADE,Planet Apocalypse,Planet Apocalypse,,Cooperative; Tower Defense,Horror,n/a,n/a,n/a,n/a,German,n/a,,Deluxe Upgrade,4.99,0
Lord 3 -  Asmod DE,PA-DE-L3,Planet Apocalypse,Planet Apocalypse,,Cooperative; Tower Defense,Horror,n/a,n/a,n/a,n/a,German,n/a,,Demon Lords,24.99,0
Lord 3 -  Asmod DE 3mm Upgrade,PA-DE-L33MMUPGRADE,Planet Apocalypse,Planet Apocalypse,,Cooperative; Tower Defense,Horror,n/a,n/a,n/a,n/a,German,n/a,,Deluxe Upgrade,4.99,0
Lord 4 - Procrustes DE,PA-DE-L4,Planet Apocalypse,Planet Apocalypse,,Cooperative; Tower Defense,Horror,n/a,n/a,n/a,n/a,German,n/a,,Demon Lords,24.99,0
Lord 4 - Procrustes DE 3mm Upgrade,PA-DE-L43MMUPGRADE,Planet Apocalypse,Planet Apocalypse,,Cooperative; Tower Defense,Horror,n/a,n/a,n/a,n/a,German,n/a,,Deluxe Upgrade,4.99,0
Lord 5 - Pulgasaur DE,PA-DE-L5,Planet Apocalypse,Planet Apocalypse,,Cooperative; Tower Defense,Horror,n/a,n/a,n/a,n/a,German,n/a,,Demon Lords,24.99,0
Lord 5 - Pulgasaur DE 3mm Upgrade,PA-DE-L53MMUPGRADE,Planet Apocalypse,Planet Apocalypse,,Cooperative; Tower Defense,Horror,n/a,n/a,n/a,n/a,German,n/a,,Deluxe Upgrade,4.99,0
Lord 6 - Great Cthulhu DE,PA-DE-L6,Planet Apocalypse,Planet Apocalypse,,Cooperative; Tower Defense,Horror,n/a,n/a,n/a,n/a,German,n/a,,Demon Lords,29.99,0
Lord 6 - Great Cthulhu  DE 3mm Upgrade,PA-DE-L63MMUPGRADE,Planet Apocalypse,Planet Apocalypse,,Cooperative; Tower Defense,Horror,n/a,n/a,n/a,n/a,German,n/a,,Deluxe Upgrade,4.99,0
Lord 7 - Spider Mastermind DE,PA-DE-L7,Planet Apocalypse,Planet Apocalypse,,Cooperative; Tower Defense,Horror,n/a,n/a,n/a,n/a,German,n/a,,Demon Lords,29.99,0
Lord 7 - Spider Mastermind DE 3mm Upgrade,PA-DE-L73MMUPGRADE,Planet Apocalypse,Planet Apocalypse,,Cooperative; Tower Defense,Horror,n/a,n/a,n/a,n/a,German,n/a,,Deluxe Upgrade,4.99,0
Demon Gate,PA-DG,Planet Apocalypse,Planet Apocalypse,,Cooperative; Tower Defense,Horror,n/a,n/a,n/a,n/a,English,n/a,,Deluxe Upgrade,29.99,0
Combat Dice Pack,PA-DICE,Planet Apocalypse,Planet Apocalypse,,Cooperative; Tower Defense,Horror,n/a,n/a,n/a,n/a,English,n/a,,Custom Dice,14.99,0
Alternate Combat Dice Pack,PA-DICE-1,Planet Apocalypse,Planet Apocalypse,,Cooperative; Tower Defense,Horror,n/a,n/a,n/a,n/a,English,n/a,,Custom Dice,14.99,0
Void Pack,PA-E1,Planet Apocalypse,Planet Apocalypse,,Cooperative; Tower Defense,Horror,n/a,n/a,n/a,n/a,English,n/a,,,79.99,0
Void Pack 3mm Upgrade,PA-E13MMUPGRADE,Planet Apocalypse,Planet Apocalypse,,Cooperative; Tower Defense,Horror,n/a,n/a,n/a,n/a,English,n/a,,Deluxe Upgrade,6.99,0
Dragon Pack,PA-E2,Planet Apocalypse,Planet Apocalypse,,Cooperative; Tower Defense,Horror,n/a,n/a,n/a,n/a,English,n/a,,,79.99,0
Dragon Pack 3mm Upgrade,PA-E23MMUPGRADE,Planet Apocalypse,Planet Apocalypse,,Cooperative; Tower Defense,Horror,n/a,n/a,n/a,n/a,English,n/a,,Deluxe Upgrade,6.99,0
Pack of the Pit,PA-E3,Planet Apocalypse,Planet Apocalypse,,Cooperative; Tower Defense,Horror,n/a,n/a,n/a,n/a,English,n/a,,,79.99,0
Pack of the Pit 3mm Upgrade,PA-E33MMUPGRADE,Planet Apocalypse,Planet Apocalypse,,Cooperative; Tower Defense,Horror,n/a,n/a,n/a,n/a,English,n/a,,Deluxe Upgrade,6.99,0
Power Pack,PA-E4,Planet Apocalypse,Planet Apocalypse,,Cooperative; Tower Defense,Horror,n/a,n/a,n/a,n/a,English,n/a,,,79.99,0
Power Pack 3mm Upgrade,PA-E43MMUPGRADE,Planet Apocalypse,Planet Apocalypse,,Cooperative; Tower Defense,Horror,n/a,n/a,n/a,n/a,English,n/a,,Deluxe Upgrade,6.99,0
Planet Apocalypse Graphic Novel,PA-GN,Planet Apocalypse,Planet Apocalypse,,Book,Horror,n/a,n/a,n/a,n/a,English,n/a,,Miscellanneous,24.99,0
Harbinger Art Print + rules for FIVE games,PA-Harbinger,Planet Apocalypse,Planet Apocalypse,,Cooperative; Tower Defense,Horror,n/a,n/a,n/a,n/a,English,n/a,,Demon Lords,29.99,0
Lord 1 - Jabootu,PA-L1,Planet Apocalypse,Planet Apocalypse,,Cooperative; Tower Defense,Horror,n/a,n/a,n/a,n/a,English,n/a,,Demon Lords,24.99,0
Lord 1 - Jabootu 3mm Upgrade,PA-L13MMUPGRADE,Planet Apocalypse,Planet Apocalypse,,Cooperative; Tower Defense,Horror,n/a,n/a,n/a,n/a,English,n/a,,Deluxe Upgrade,4.99,0
Lady 2 - Scylla,PA-L2,Planet Apocalypse,Planet Apocalypse,,Cooperative; Tower Defense,Horror,n/a,n/a,n/a,n/a,English,n/a,,Demon Lords,24.99,0
Lady 2 - Scylla 3mm Upgrade,PA-L23MMUPGRADE,Planet Apocalypse,Planet Apocalypse,,Cooperative; Tower Defense,Horror,n/a,n/a,n/a,n/a,English,n/a,,Deluxe Upgrade,4.99,0
Lord 3 -  Asmod,PA-L3,Planet Apocalypse,Planet Apocalypse,,Cooperative; Tower Defense,Horror,n/a,n/a,n/a,n/a,English,n/a,,Demon Lords,24.99,0
Lord 3 -  Asmod 3mm Upgrade,PA-L33MMUPGRADE,Planet Apocalypse,Planet Apocalypse,,Cooperative; Tower Defense,Horror,n/a,n/a,n/a,n/a,English,n/a,,Deluxe Upgrade,4.99,0
Lord 4 - Procrustes,PA-L4,Planet Apocalypse,Planet Apocalypse,,Cooperative; Tower Defense,Horror,n/a,n/a,n/a,n/a,English,n/a,,Demon Lords,24.99,0
Lord 4 - Procrustes 3mm Upgrade,PA-L43MMUPGRADE,Planet Apocalypse,Planet Apocalypse,,Cooperative; Tower Defense,Horror,n/a,n/a,n/a,n/a,English,n/a,,Deluxe Upgrade,4.99,0
Lord 5 - Pulgasaur,PA-L5,Planet Apocalypse,Planet Apocalypse,,Cooperative; Tower Defense,Horror,n/a,n/a,n/a,n/a,English,n/a,,Demon Lords,24.99,0
Lord 5 - Pulgasaur 3mm Upgrade,PA-L53MMUPGRADE,Planet Apocalypse,Planet Apocalypse,,Cooperative; Tower Defense,Horror,n/a,n/a,n/a,n/a,English,n/a,,Deluxe Upgrade,4.99,0
Lord 6 - Great Cthulhu,PA-L6,Planet Apocalypse,Planet Apocalypse,,Cooperative; Tower Defense,Horror,n/a,n/a,n/a,n/a,English,n/a,,Demon Lords,29.99,0
Lord 6 - Great Cthulhu  3mm Upgrade,PA-L63MMUPGRADE,Planet Apocalypse,Planet Apocalypse,,Cooperative; Tower Defense,Horror,n/a,n/a,n/a,n/a,English,n/a,,Deluxe Upgrade,4.99,0
Lord 7 - Spider Mastermind,PA-L7,Planet Apocalypse,Planet Apocalypse,,Cooperative; Tower Defense,Horror,n/a,n/a,n/a,n/a,English,n/a,,Demon Lords,29.99,0
Lord 7 - Spider Mastermind 3mm Upgrade,PA-L7-3MMUPGRADE,Planet Apocalypse,Planet Apocalypse,,Cooperative; Tower Defense,Horror,n/a,n/a,n/a,n/a,English,n/a,,Deluxe Upgrade,4.99,0
Relic Pack,PA-RP,Planet Apocalypse,Planet Apocalypse,,Cooperative; Tower Defense,Horror,n/a,n/a,n/a,n/a,English,n/a,,Deluxe Upgrade,49.99,0
Planet Apocalypse (5e RPG),PA-RPG,Planet Apocalypse RPG,Planet Apocalypse RPG,,RPG - 5th edition,Horror,2,8,n/a,n/a,English,3,Core Game,Books,59.99,0
Planet Apocalypse (5e RPG) Deluxe Edition,PA-RPG-Deluxe,Planet Apocalypse RPG,Planet Apocalypse RPG,,RPG - 5th edition,Horror,2,8,n/a,n/a,English,3,Core Game,Books,79.99,0
Planet Apocalypse core game VF,PA-VF,Planet Apocalypse,Planet Apocalypse,,Cooperative; Tower Defense,Horror,1,5,60 min,14,VF,n/a,,Core Game,99.99,0
Planet Apocalypse VF 3mm Upgrade,PA-VF-3MMUPGRADE,Planet Apocalypse,Planet Apocalypse,,Cooperative; Tower Defense,Horror,n/a,n/a,n/a,n/a,VF,n/a,,Deluxe Upgrade,11.99,0
Void Pack VF,PA-VF-E1,Planet Apocalypse,Planet Apocalypse,,Cooperative; Tower Defense,Horror,n/a,n/a,n/a,n/a,VF,n/a,,,79.99,0
Void Pack 3mm Upgrade VF,PA-VF-E13MMUPGRADE,Planet Apocalypse,Planet Apocalypse,,Cooperative; Tower Defense,Horror,n/a,n/a,n/a,n/a,VF,n/a,,Deluxe Upgrade,6.99,0
Dragon Pack VF,PA-VF-E2,Planet Apocalypse,Planet Apocalypse,,Cooperative; Tower Defense,Horror,n/a,n/a,n/a,n/a,VF,n/a,,,79.99,0
Dragon Pack 3mm Upgrade VF,PA-VF-E23MMUPGRADE,Planet Apocalypse,Planet Apocalypse,,Cooperative; Tower Defense,Horror,n/a,n/a,n/a,n/a,VF,n/a,,Deluxe Upgrade,6.99,0
Pack of the Pit VF,PA-VF-E3,Planet Apocalypse,Planet Apocalypse,,Cooperative; Tower Defense,Horror,n/a,n/a,n/a,n/a,VF,n/a,,,79.99,0
Pack of the Pit 3mm Upgrade VF,PA-VF-E33MMUPGRADE,Planet Apocalypse,Planet Apocalypse,,Cooperative; Tower Defense,Horror,n/a,n/a,n/a,n/a,VF,n/a,,Deluxe Upgrade,6.99,0
Power Pack VF,PA-VF-E4,Planet Apocalypse,Planet Apocalypse,,Cooperative; Tower Defense,Horror,n/a,n/a,n/a,n/a,VF,n/a,,,79.99,0
Power Pack 3mm Upgrade VF,PA-VF-E43MMUPGRADE,Planet Apocalypse,Planet Apocalypse,,Cooperative; Tower Defense,Horror,n/a,n/a,n/a,n/a,VF,n/a,,Deluxe Upgrade,6.99,0
Lord 1 - Jabootu VF,PA-VF-L1,Planet Apocalypse,Planet Apocalypse,,Cooperative; Tower Defense,Horror,n/a,n/a,n/a,n/a,VF,n/a,,Demon Lords,24.99,0
Lord 1 - Jabootu 3mm Upgrade VF,PA-VF-L13MMUPGRADE,Planet Apocalypse,Planet Apocalypse,,Cooperative; Tower Defense,Horror,n/a,n/a,n/a,n/a,VF,n/a,,Deluxe Upgrade,4.99,0
Lady 2 - Scylla VF,PA-VF-L2,Planet Apocalypse,Planet Apocalypse,,Cooperative; Tower Defense,Horror,n/a,n/a,n/a,n/a,VF,n/a,,Demon Lords,24.99,0
Lady 2 - Scylla 3mm Upgrade VF,PA-VF-L23MMUPGRADE,Planet Apocalypse,Planet Apocalypse,,Cooperative; Tower Defense,Horror,n/a,n/a,n/a,n/a,VF,n/a,,Deluxe Upgrade,4.99,0
Lord 3 -  Asmod VF,PA-VF-L3,Planet Apocalypse,Planet Apocalypse,,Cooperative; Tower Defense,Horror,n/a,n/a,n/a,n/a,VF,n/a,,Demon Lords,24.99,0
Lord 3 -  Asmod 3mm Upgrade VF,PA-VF-L33MMUPGRADE,Planet Apocalypse,Planet Apocalypse,,Cooperative; Tower Defense,Horror,n/a,n/a,n/a,n/a,VF,n/a,,Deluxe Upgrade,4.99,0
Lord 4 - Procrustes VF,PA-VF-L4,Planet Apocalypse,Planet Apocalypse,,Cooperative; Tower Defense,Horror,n/a,n/a,n/a,n/a,VF,n/a,,Demon Lords,24.99,0
Lord 4 - Procrustes 3mm Upgrade VF,PA-VF-L43MMUPGRADE,Planet Apocalypse,Planet Apocalypse,,Cooperative; Tower Defense,Horror,n/a,n/a,n/a,n/a,VF,n/a,,Deluxe Upgrade,4.99,0
Lord 5 - Pulgasaur VF,PA-VF-L5,Planet Apocalypse,Planet Apocalypse,,Cooperative; Tower Defense,Horror,n/a,n/a,n/a,n/a,VF,n/a,,Demon Lords,24.99,0
Lord 5 - Pulgasaur 3mm Upgrade VF,PA-VF-L53MMUPGRADE,Planet Apocalypse,Planet Apocalypse,,Cooperative; Tower Defense,Horror,n/a,n/a,n/a,n/a,VF,n/a,,Deluxe Upgrade,4.99,0
Lord 6 - Great Cthulhu VF,PA-VF-L6,Planet Apocalypse,Planet Apocalypse,,Cooperative; Tower Defense,Horror,n/a,n/a,n/a,n/a,VF,n/a,,Demon Lords,29.99,0
Lord 6 - Great Cthulhu 3mm Upgrade VF,PA-VF-L63MMUPGRADE,Planet Apocalypse,Planet Apocalypse,,Cooperative; Tower Defense,Horror,n/a,n/a,n/a,n/a,VF,n/a,,Deluxe Upgrade,4.99,0
Lord 7 - Spider Mastermind VF,PA-VF-L7,Planet Apocalypse,Planet Apocalypse,,Cooperative; Tower Defense,Horror,n/a,n/a,n/a,n/a,VF,n/a,,Demon Lords,29.99,0
Acolyte Blister Pack,RPG-CG-A,Official Call of Cthulhu Miniatures,,Official Call of Cthulhu Miniatures,Miniatures,Cthulhu Mythos; Fantasy; Horror,n/a,n/a,n/a,n/a,English,n/a,,,5.99,0
Nightgaunt Blister Pack,RPG-CG-B1,Official Call of Cthulhu Miniatures,,Official Call of Cthulhu Miniatures,Miniatures,Cthulhu Mythos; Fantasy; Horror,n/a,n/a,n/a,n/a,English,n/a,,,5.99,0
Flying Polyp Blister Pack,RPG-CG-B2,Official Call of Cthulhu Miniatures,,Official Call of Cthulhu Miniatures,Miniatures,Cthulhu Mythos; Fantasy; Horror,n/a,n/a,n/a,n/a,English,n/a,,,7.49,0
Hunting Horror Blister Pack,RPG-CG-B3,Official Call of Cthulhu Miniatures,,Official Call of Cthulhu Miniatures,Miniatures,Cthulhu Mythos; Fantasy; Horror,n/a,n/a,n/a,n/a,English,n/a,,,7.99,0
Nyarlathotep Blister Pack,RPG-CG-B4,Official Call of Cthulhu Miniatures,,Official Call of Cthulhu Miniatures,Miniatures,Cthulhu Mythos; Fantasy; Horror,n/a,n/a,n/a,n/a,English,n/a,,,19.99,0
Deep One Blister Pack,RPG-CG-G1,Official Call of Cthulhu Miniatures,,Official Call of Cthulhu Miniatures,Miniatures,Cthulhu Mythos; Fantasy; Horror,n/a,n/a,n/a,n/a,English,n/a,,,5.99,0
Shoggoth Blister Pack,RPG-CG-G2,Official Call of Cthulhu Miniatures,,Official Call of Cthulhu Miniatures,Miniatures,Cthulhu Mythos; Fantasy; Horror,n/a,n/a,n/a,n/a,English,n/a,,,7.99,0
Starspawn Blister Pack,RPG-CG-G3,Official Call of Cthulhu Miniatures,,Official Call of Cthulhu Miniatures,Miniatures,Cthulhu Mythos; Fantasy; Horror,n/a,n/a,n/a,n/a,English,n/a,,,7.99,0
Cthulhu Blister Pack,RPG-CG-G4,Official Call of Cthulhu Miniatures,,Official Call of Cthulhu Miniatures,Miniatures,Cthulhu Mythos; Fantasy; Horror,n/a,n/a,n/a,n/a,English,n/a,,,19.99,0
Ghoul Blister Pack,RPG-CG-R1,Official Call of Cthulhu Miniatures,,Official Call of Cthulhu Miniatures,Miniatures,Cthulhu Mythos; Fantasy; Horror,n/a,n/a,n/a,n/a,English,n/a,,,5.99,0
Fungi from Yuggoth Blister Pack,RPG-CG-R2,Official Call of Cthulhu Miniatures,,Official Call of Cthulhu Miniatures,Miniatures,Cthulhu Mythos; Fantasy; Horror,n/a,n/a,n/a,n/a,English,n/a,,,7.49,0
Dark Young Blister Pack,RPG-CG-R3,Official Call of Cthulhu Miniatures,,Official Call of Cthulhu Miniatures,Miniatures,Cthulhu Mythos; Fantasy; Horror,n/a,n/a,n/a,n/a,English,n/a,,,8.99,0
Shub-Niggurath Blister Pack,RPG-CG-R4,Official Call of Cthulhu Miniatures,,Official Call of Cthulhu Miniatures,Miniatures,Cthulhu Mythos; Fantasy; Horror,n/a,n/a,n/a,n/a,English,n/a,,,19.99,0
Undead Blister Pack,RPG-CG-Y1,Official Call of Cthulhu Miniatures,,Official Call of Cthulhu Miniatures,Miniatures,Cthulhu Mythos; Fantasy; Horror,n/a,n/a,n/a,n/a,English,n/a,,,5.99,0
Byakhee Blister Pack,RPG-CG-Y2,Official Call of Cthulhu Miniatures,,Official Call of Cthulhu Miniatures,Miniatures,Cthulhu Mythos; Fantasy; Horror,n/a,n/a,n/a,n/a,English,n/a,,,6.99,0
King in Yellow Blister Pack,RPG-CG-Y3,Official Call of Cthulhu Miniatures,,Official Call of Cthulhu Miniatures,Miniatures,Cthulhu Mythos; Fantasy; Horror,n/a,n/a,n/a,n/a,English,n/a,,,14.99,0
Hastur Blister Pack,RPG-CG-Y4,Official Call of Cthulhu Miniatures,,Official Call of Cthulhu Miniatures,Miniatures,Cthulhu Mythos; Fantasy; Horror,n/a,n/a,n/a,n/a,English,n/a,,,19.99,0
Brain Cylinder Blister Pack,RPG-E15-10,Official Call of Cthulhu Miniatures,,Official Call of Cthulhu Miniatures,Miniatures,Cthulhu Mythos; Fantasy; Horror,n/a,n/a,n/a,n/a,English,n/a,,,5.99,0
Mutant Blister Pack,RPG-F1-V1,Official Call of Cthulhu Miniatures,,Official Call of Cthulhu Miniatures,Miniatures,Cthulhu Mythos; Fantasy; Horror,n/a,n/a,n/a,n/a,English,n/a,,,5.99,0
Abomination Blister Pack,RPG-F1-V2,Official Call of Cthulhu Miniatures,,Official Call of Cthulhu Miniatures,Miniatures,Cthulhu Mythos; Fantasy; Horror,n/a,n/a,n/a,n/a,English,n/a,,,7.99,0
Spawn of Yog-Sothoth Blister Pack,RPG-F1-V3,Official Call of Cthulhu Miniatures,,Official Call of Cthulhu Miniatures,Miniatures,Cthulhu Mythos; Fantasy; Horror,n/a,n/a,n/a,n/a,English,n/a,,,8.99,0
Yog-Sothoth Blister Pack,RPG-F1-V4,Official Call of Cthulhu Miniatures,,Official Call of Cthulhu Miniatures,Miniatures,Cthulhu Mythos; Fantasy; Horror,n/a,n/a,n/a,n/a,English,n/a,,,19.99,0
Wizard Blister Pack,RPG-F2-O1,Official Call of Cthulhu Miniatures,,Official Call of Cthulhu Miniatures,Miniatures,Cthulhu Mythos; Fantasy; Horror,n/a,n/a,n/a,n/a,English,n/a,,,5.99,0
Serpent Man Blister Pack,RPG-F2-O2,Official Call of Cthulhu Miniatures,,Official Call of Cthulhu Miniatures,Miniatures,Cthulhu Mythos; Fantasy; Horror,n/a,n/a,n/a,n/a,English,n/a,,,6.99,0
Formless Spawn Blister Pack,RPG-F2-O3,Official Call of Cthulhu Miniatures,,Official Call of Cthulhu Miniatures,Miniatures,Cthulhu Mythos; Fantasy; Horror,n/a,n/a,n/a,n/a,English,n/a,,,7.99,0
Tsathoggua Blister Pack,RPG-F2-O4,Official Call of Cthulhu Miniatures,,Official Call of Cthulhu Miniatures,Miniatures,Cthulhu Mythos; Fantasy; Horror,n/a,n/a,n/a,n/a,English,n/a,,,19.99,0
Wendigo Blister Pack,RPG-F3-W1,Official Call of Cthulhu Miniatures,,Official Call of Cthulhu Miniatures,Miniatures,Cthulhu Mythos; Fantasy; Horror,n/a,n/a,n/a,n/a,English,n/a,,,5.99,0
Gnoph-Keh Blister Pack,RPG-F3-W2,Official Call of Cthulhu Miniatures,,Official Call of Cthulhu Miniatures,Miniatures,Cthulhu Mythos; Fantasy; Horror,n/a,n/a,n/a,n/a,English,n/a,,,6.99,0
Rhan-Tegoth Blister Pack,RPG-F3-W3,Official Call of Cthulhu Miniatures,,Official Call of Cthulhu Miniatures,Miniatures,Cthulhu Mythos; Fantasy; Horror,n/a,n/a,n/a,n/a,English,n/a,,,14.99,0
Ithaqua Blister Pack,RPG-F3-W4,Official Call of Cthulhu Miniatures,,Official Call of Cthulhu Miniatures,Miniatures,Cthulhu Mythos; Fantasy; Horror,n/a,n/a,n/a,n/a,English,n/a,,,19.99,0
Dimensional Shambler Blister Pack,RPG-F4-N1,Official Call of Cthulhu Miniatures,,Official Call of Cthulhu Miniatures,Miniatures,Cthulhu Mythos; Fantasy; Horror,n/a,n/a,n/a,n/a,English,n/a,,,7.49,0
Star Vampire Blister Pack,RPG-F4-N2,Official Call of Cthulhu Miniatures,,Official Call of Cthulhu Miniatures,Miniatures,Cthulhu Mythos; Fantasy; Horror,n/a,n/a,n/a,n/a,English,n/a,,,8.99,0
Elder Thing Blister Pack,RPG-F4-N3,Official Call of Cthulhu Miniatures,,Official Call of Cthulhu Miniatures,Miniatures,Cthulhu Mythos; Fantasy; Horror,n/a,n/a,n/a,n/a,English,n/a,,,7.99,0
Glow in the Dark Elder Thing Blister Pack,RPG-F4-N3-GLOW,Official Call of Cthulhu Miniatures,,Official Call of Cthulhu Miniatures,Miniatures,Cthulhu Mythos; Fantasy; Horror,n/a,n/a,n/a,n/a,English,n/a,,,8.99,0
Servitor of the Outer Gods Blister Pack,RPG-F4-N4,Official Call of Cthulhu Miniatures,,Official Call of Cthulhu Miniatures,Miniatures,Cthulhu Mythos; Fantasy; Horror,n/a,n/a,n/a,n/a,English,n/a,,,6.99,0
Azathoth Blister Pack,RPG-F4-N5,Official Call of Cthulhu Miniatures,,Official Call of Cthulhu Miniatures,Miniatures,Cthulhu Mythos; Fantasy; Horror,n/a,n/a,n/a,n/a,English,n/a,,,19.99,0
Tcho-Tcho Acolyte Blister Pack,RPG-F5-A,Official Call of Cthulhu Miniatures,,Official Call of Cthulhu Miniatures,Miniatures,Cthulhu Mythos; Fantasy; Horror,n/a,n/a,n/a,n/a,English,n/a,,,5.99,0
Proto-Shoggoth Blister Pack,RPG-F5-P1,Official Call of Cthulhu Miniatures,,Official Call of Cthulhu Miniatures,Miniatures,Cthulhu Mythos; Fantasy; Horror,n/a,n/a,n/a,n/a,English,n/a,,,8.99,0
Tcho-Tcho High Priest Blister Pack,RPG-F5-P2,Official Call of Cthulhu Miniatures,,Official Call of Cthulhu Miniatures,Miniatures,Cthulhu Mythos; Fantasy; Horror,n/a,n/a,n/a,n/a,English,n/a,,,5.99,0
Ubbo-Sathla Blister Pack,RPG-F5-P3,Official Call of Cthulhu Miniatures,,Official Call of Cthulhu Miniatures,Miniatures,Cthulhu Mythos; Fantasy; Horror,n/a,n/a,n/a,n/a,English,n/a,,,14.99,0
Abhoth Blister Pack,RPG-GOO1-N16,Official Call of Cthulhu Miniatures,,Official Call of Cthulhu Miniatures,Miniatures,Cthulhu Mythos; Fantasy; Horror,n/a,n/a,n/a,n/a,English,n/a,,,14.99,0
Chaugnar Faugn Blister Pack,RPG-GOO1-N17,Official Call of Cthulhu Miniatures,,Official Call of Cthulhu Miniatures,Miniatures,Cthulhu Mythos; Fantasy; Horror,n/a,n/a,n/a,n/a,English,n/a,,,14.99,0
Cthugha Blister Pack,RPG-GOO1-N18,Official Call of Cthulhu Miniatures,,Official Call of Cthulhu Miniatures,Miniatures,Cthulhu Mythos; Fantasy; Horror,n/a,n/a,n/a,n/a,English,n/a,,,14.99,0
Mother Hydra Blister Pack,RPG-GOO1-N19,Official Call of Cthulhu Miniatures,,Official Call of Cthulhu Miniatures,Miniatures,Cthulhu Mythos; Fantasy; Horror,n/a,n/a,n/a,n/a,English,n/a,,,8.99,0
Yig Blister Pack,RPG-GOO1-N20,Official Call of Cthulhu Miniatures,,Official Call of Cthulhu Miniatures,Miniatures,Cthulhu Mythos; Fantasy; Horror,n/a,n/a,n/a,n/a,English,n/a,,,8.99,0
Atlach Nacha Blister Pack,RPG-GOO2-N21,Official Call of Cthulhu Miniatures,,Official Call of Cthulhu Miniatures,Miniatures,Cthulhu Mythos; Fantasy; Horror,n/a,n/a,n/a,n/a,English,n/a,,,14.99,0
Bokrug Blister Pack,RPG-GOO2-N22,Official Call of Cthulhu Miniatures,,Official Call of Cthulhu Miniatures,Miniatures,Cthulhu Mythos; Fantasy; Horror,n/a,n/a,n/a,n/a,English,n/a,,,14.99,0
Father Dagon Blister Pack,RPG-GOO2-N23,Official Call of Cthulhu Miniatures,,Official Call of Cthulhu Miniatures,Miniatures,Cthulhu Mythos; Fantasy; Horror,n/a,n/a,n/a,n/a,English,n/a,,,8.99,0
Ghatanothoa Blister Pack,RPG-GOO2-N24,Official Call of Cthulhu Miniatures,,Official Call of Cthulhu Miniatures,Miniatures,Cthulhu Mythos; Fantasy; Horror,n/a,n/a,n/a,n/a,English,n/a,,,19.99,0
Gobogeg Blister Pack,RPG-GOO3-N25,Official Call of Cthulhu Miniatures,,Official Call of Cthulhu Miniatures,Miniatures,Cthulhu Mythos; Fantasy; Horror,n/a,n/a,n/a,n/a,English,n/a,,,19.99,0
Byatis Blister Pack,RPG-GOO4-1,Official Call of Cthulhu Miniatures,,Official Call of Cthulhu Miniatures,Miniatures,Cthulhu Mythos; Fantasy; Horror,n/a,n/a,n/a,n/a,English,n/a,,,14.99,0
Nyogtha Blister Pack,RPG-GOO4-2,Official Call of Cthulhu Miniatures,,Official Call of Cthulhu Miniatures,Miniatures,Cthulhu Mythos; Fantasy; Horror,n/a,n/a,n/a,n/a,English,n/a,,,7.99,0
Tulzscha Blister Pack,RPG-GOO4-3,Official Call of Cthulhu Miniatures,,Official Call of Cthulhu Miniatures,Miniatures,Cthulhu Mythos; Fantasy; Horror,n/a,n/a,n/a,n/a,English,n/a,,,7.99,0
Zoog Blister Pack,RPG-M2-N6,Official Call of Cthulhu Miniatures,,Official Call of Cthulhu Miniatures,Miniatures,Cthulhu Mythos; Fantasy; Horror,n/a,n/a,n/a,n/a,English,n/a,,,5.99,0
Bhole Blister Pack,RPG-M2-N7,Official Call of Cthulhu Miniatures,,Official Call of Cthulhu Miniatures,Miniatures,Cthulhu Mythos; Fantasy; Horror,n/a,n/a,n/a,n/a,English,n/a,,,14.99,0
Slime Mold Blister Pack,RPG-M3-N8,Official Call of Cthulhu Miniatures,,Official Call of Cthulhu Miniatures,Miniatures,Cthulhu Mythos; Fantasy; Horror,n/a,n/a,n/a,n/a,English,n/a,,,5.99,0
Watcher of the Green Pyramid Blister Pack,RPG-M3-N9,Official Call of Cthulhu Miniatures,,Official Call of Cthulhu Miniatures,Miniatures,Cthulhu Mythos; Fantasy; Horror,n/a,n/a,n/a,n/a,English,n/a,,,8.99,0
Custodian of Celaeno Blister Pack,RPG-M5-1,Official Call of Cthulhu Miniatures,,Official Call of Cthulhu Miniatures,Miniatures,Cthulhu Mythos; Fantasy; Horror,n/a,n/a,n/a,n/a,English,n/a,,,14.99,0
Larva Blister Pack,RPG-PA-10,Planet Apocalypse Miniatures,,Planet Apocalypse Miniatures,Miniatures,Fantasy; Horror,n/a,n/a,n/a,n/a,English,n/a,,Miniatures,5.99,0
Gryllus Blister Pack,RPG-PA-11,Planet Apocalypse Miniatures,,Planet Apocalypse Miniatures,Miniatures,Fantasy; Horror,n/a,n/a,n/a,n/a,English,n/a,,Miniatures,4.99,0
Fiend Blister Pack,RPG-PA-12,Planet Apocalypse Miniatures,,Planet Apocalypse Miniatures,Miniatures,Fantasy; Horror,n/a,n/a,n/a,n/a,English,n/a,,Miniatures,5.99,0
Hell Hound Blister Pack,RPG-PA-13,Planet Apocalypse Miniatures,,Planet Apocalypse Miniatures,Miniatures,Fantasy; Horror,n/a,n/a,n/a,n/a,English,n/a,,Miniatures,8.99,0
Catoblepas Blister Pack,RPG-PA-14,Planet Apocalypse Miniatures,,Planet Apocalypse Miniatures,Miniatures,Fantasy; Horror,n/a,n/a,n/a,n/a,English,n/a,,Miniatures,8.99,0
Baphomet Blister Pack,RPG-PA-15,Planet Apocalypse Miniatures,,Planet Apocalypse Miniatures,Miniatures,Fantasy; Horror,n/a,n/a,n/a,n/a,English,n/a,,Miniatures,14.99,0
Nuckelavee Blister Pack,RPG-PA-17,Planet Apocalypse Miniatures,,Planet Apocalypse Miniatures,Miniatures,Fantasy; Horror,n/a,n/a,n/a,n/a,English,n/a,,Miniatures,8.99,0
Secutor Blister Pack,RPG-PA-18,Planet Apocalypse Miniatures,,Planet Apocalypse Miniatures,Miniatures,Fantasy; Horror,n/a,n/a,n/a,n/a,English,n/a,,Miniatures,8.99,0
Mandrake Blister Pack,RPG-PA-19,Planet Apocalypse Miniatures,,Planet Apocalypse Miniatures,Miniatures,Fantasy; Horror,n/a,n/a,n/a,n/a,English,n/a,,Miniatures,8.99,0
Tarasque Blister Pack,RPG-PA-20,Planet Apocalypse Miniatures,,Planet Apocalypse Miniatures,Miniatures,Fantasy; Horror,n/a,n/a,n/a,n/a,English,n/a,,Miniatures,14.99,0
Stheno Blister Pack,RPG-PA-21,Planet Apocalypse Miniatures,,Planet Apocalypse Miniatures,Miniatures,Fantasy; Horror,n/a,n/a,n/a,n/a,English,n/a,,Miniatures,14.99,0
Elemental Blister Pack,RPG-PA-23,Planet Apocalypse Miniatures,,Planet Apocalypse Miniatures,Miniatures,Fantasy; Horror,n/a,n/a,n/a,n/a,English,n/a,,Miniatures,8.99,0
Cendiary Blister Pack,RPG-PA-24,Planet Apocalypse Miniatures,,Planet Apocalypse Miniatures,Miniatures,Fantasy; Horror,n/a,n/a,n/a,n/a,English,n/a,,Miniatures,8.99,0
Magdalene Blister Pack,RPG-PA-25,Planet Apocalypse Miniatures,,Planet Apocalypse Miniatures,Miniatures,Fantasy; Horror,n/a,n/a,n/a,n/a,English,n/a,,Miniatures,8.99,0
Chthon Blister Pack,RPG-PA-26,Planet Apocalypse Miniatures,,Planet Apocalypse Miniatures,Miniatures,Fantasy; Horror,n/a,n/a,n/a,n/a,English,n/a,,Miniatures,14.99,0
Stroma Blister Pack,RPG-PA-27,Planet Apocalypse Miniatures,,Planet Apocalypse Miniatures,Miniatures,Fantasy; Horror,n/a,n/a,n/a,n/a,English,n/a,,Miniatures,14.99,0
Gadarene Blister Pack,RPG-PA-29,Planet Apocalypse Miniatures,,Planet Apocalypse Miniatures,Miniatures,Fantasy; Horror,n/a,n/a,n/a,n/a,English,n/a,,Miniatures,8.99,0
Raparee Blister Pack,RPG-PA-30,Planet Apocalypse Miniatures,,Planet Apocalypse Miniatures,Miniatures,Fantasy; Horror,n/a,n/a,n/a,n/a,English,n/a,,Miniatures,8.99,0
Hortator Blister Pack,RPG-PA-31,Planet Apocalypse Miniatures,,Planet Apocalypse Miniatures,Miniatures,Fantasy; Horror,n/a,n/a,n/a,n/a,English,n/a,,Miniatures,8.99,0
Orobas Blister Pack,RPG-PA-32,Planet Apocalypse Miniatures,,Planet Apocalypse Miniatures,Miniatures,Fantasy; Horror,n/a,n/a,n/a,n/a,English,n/a,,Miniatures,14.99,0
Humbaba Blister Pack,RPG-PA-33,Planet Apocalypse Miniatures,,Planet Apocalypse Miniatures,Miniatures,Fantasy; Horror,n/a,n/a,n/a,n/a,English,n/a,,Miniatures,14.99,0
Bellatrix Blister Pack,RPG-PA-36,Planet Apocalypse Miniatures,,Planet Apocalypse Miniatures,Miniatures,Fantasy; Horror,n/a,n/a,n/a,n/a,English,n/a,,Miniatures,8.99,0
Philtre Blister Pack,RPG-PA-37,Planet Apocalypse Miniatures,,Planet Apocalypse Miniatures,Miniatures,Fantasy; Horror,n/a,n/a,n/a,n/a,English,n/a,,Miniatures,8.99,0
Tardigrade Blister Pack,RPG-PA-38,Planet Apocalypse Miniatures,,Planet Apocalypse Miniatures,Miniatures,Fantasy; Horror,n/a,n/a,n/a,n/a,English,n/a,,Miniatures,8.99,0
Geryon Blister Pack,RPG-PA-39,Planet Apocalypse Miniatures,,Planet Apocalypse Miniatures,Miniatures,Fantasy; Horror,n/a,n/a,n/a,n/a,English,n/a,,Miniatures,14.99,0
Argus Blister Pack,RPG-PA-40,Planet Apocalypse Miniatures,,Planet Apocalypse Miniatures,Miniatures,Fantasy; Horror,n/a,n/a,n/a,n/a,English,n/a,,Miniatures,14.99,0
Mythos Satyr Blister Pack,RPG-RC2-1,Official Call of Cthulhu Miniatures,,Official Call of Cthulhu Miniatures,Miniatures,Cthulhu Mythos; Fantasy; Horror,n/a,n/a,n/a,n/a,English,n/a,,,5.99,0
Moonbeast Blister Pack,RPG-U1-N10,Official Call of Cthulhu Miniatures,,Official Call of Cthulhu Miniatures,Miniatures,Cthulhu Mythos; Fantasy; Horror,n/a,n/a,n/a,n/a,English,n/a,,,5.99,0
Gnorri Blister Pack,RPG-U1-N11,Official Call of Cthulhu Miniatures,,Official Call of Cthulhu Miniatures,Miniatures,Cthulhu Mythos; Fantasy; Horror,n/a,n/a,n/a,n/a,English,n/a,,,6.99,0
Shantak Blister Pack,RPG-U1-N12,Official Call of Cthulhu Miniatures,,Official Call of Cthulhu Miniatures,Miniatures,Cthulhu Mythos; Fantasy; Horror,n/a,n/a,n/a,n/a,English,n/a,,,7.99,0
Ghast Blister Pack,RPG-U2-N13,Official Call of Cthulhu Miniatures,,Official Call of Cthulhu Miniatures,Miniatures,Cthulhu Mythos; Fantasy; Horror,n/a,n/a,n/a,n/a,English,n/a,,,5.99,0
Leng Spider Blister Pack,RPG-U2-N14,Official Call of Cthulhu Miniatures,,Official Call of Cthulhu Miniatures,Miniatures,Cthulhu Mythos; Fantasy; Horror,n/a,n/a,n/a,n/a,English,n/a,,,7.99,0
Gug Blister Pack,RPG-U2-N15,Official Call of Cthulhu Miniatures,,Official Call of Cthulhu Miniatures,Miniatures,Cthulhu Mythos; Fantasy; Horror,n/a,n/a,n/a,n/a,English,n/a,,,6.99,0
Cacodemon Blister Pack,RPG-U30-1,Planet Apocalypse Miniatures,,Planet Apocalypse Miniatures,Miniatures,Fantasy; Horror,n/a,n/a,n/a,n/a,English,n/a,,Miniatures,8.99,0
High Priest Blister Pack,RPG-U3-HP,Official Call of Cthulhu Miniatures,,Official Call of Cthulhu Miniatures,Miniatures,Cthulhu Mythos; Fantasy; Horror,n/a,n/a,n/a,n/a,English,n/a,,,6.99,0
Painted Summoning Gate,RPG-U4-PG-PAINTED,Official Call of Cthulhu Miniatures,,Official Call of Cthulhu Miniatures,Miniatures,Cthulhu Mythos; Fantasy; Horror,n/a,n/a,n/a,n/a,English,n/a,,,9.99,0
UNPainted Summoning Gate Blister Pack,RPG-U4-PG-UNPAINTED,Official Call of Cthulhu Miniatures,,Official Call of Cthulhu Miniatures,Miniatures,Cthulhu Mythos; Fantasy; Horror,n/a,n/a,n/a,n/a,English,n/a,,,4.99,0
Great Race of Yith Blister Pack,RPG-U5-1,Official Call of Cthulhu Miniatures,,Official Call of Cthulhu Miniatures,Miniatures,Cthulhu Mythos; Fantasy; Horror,n/a,n/a,n/a,n/a,English,n/a,,,8.99,0
Dhole Blister Pack,RPG-U5-2,Official Call of Cthulhu Miniatures,,Official Call of Cthulhu Miniatures,Miniatures,Cthulhu Mythos; Fantasy; Horror,n/a,n/a,n/a,n/a,English,n/a,,,19.99,0
Startropolis,STRP,Startropolis,,Startropolis,,Sci-fi; Family Fun,2,4,45 min,8,English,2,Core Game,,49.99,0
Quachil Uttaus Blister Pack,RPG-U5-3,Official Call of Cthulhu Miniatures,,Official Call of Cthulhu Miniatures,Miniatures,Cthulhu Mythos; Fantasy; Horror,n/a,n/a,n/a,n/a,English,n/a,,,8.99,0
Startropolis (2nd Edition),STRP-2,Startropolis,,Startropolis,,Sci-fi; Family Fun,2,4,45 min,8,English,2,Core Game,,59.99,0
Glow Box + Player Marker (2nd Edition),STRP-2-E1,Startropolis,,Startropolis,,Sci-fi; Family Fun,n/a,n/a,n/a,n/a,English,n/a,,,8.99,0
Nova Box Replacement (2nd Edition),STRP-2-NB-REPLACE,Startropolis,,Startropolis,,Sci-fi; Family Fun,n/a,n/a,n/a,n/a,English,n/a,,,29.99,0
Core Box Replacement (2nd Edition),STRP-2-REPLACE,Startropolis,,Startropolis,,Sci-fi; Family Fun,n/a,n/a,n/a,n/a,English,n/a,,,29.99,0
Glow Box + Player Marker,STRP-E1,Startropolis,,Startropolis,,Sci-fi; Family Fun,n/a,n/a,n/a,n/a,English,n/a,,,9.99,0
Space Station in a Box 1,STRP-TOY,Startropolis,,Startropolis,,Sci-fi; Family Fun,n/a,n/a,n/a,8,English,n/a,,,29.99,0
Space Station in a Box 2,STRP-TOY2,Startropolis,,Startropolis,,Sci-fi; Family Fun,n/a,n/a,n/a,8,English,n/a,,,29.99,0
The Gods War,TGW,The Gods War,The Gods War,,Strategy; Asymmetric,Fantasy,3,4,60-90 min,14,English,3,Core Game,,129.99,0
The Empires,TGW-1,The Gods War,The Gods War,,Strategy; Asymmetric,Fantasy,3,8,n/a,n/a,English,n/a,,,139.99,0
Elder Races,TGW-2,The Gods War,The Gods War,,Strategy; Asymmetric,Fantasy,n/a,n/a,n/a,n/a,English,n/a,,,99.99,0
The Monsters - DRAGONS,TGW-3A,The Gods War,The Gods War,,Strategy; Asymmetric,Fantasy,n/a,n/a,n/a,n/a,English,n/a,,,39.99,0
The Monsters - CHAOS Monsters,TGW-3B,The Gods War,The Gods War,,Strategy; Asymmetric,Fantasy,n/a,n/a,n/a,n/a,English,n/a,,,39.99,0
The Monsters - COSMIC Monsters,TGW-3C,The Gods War,The Gods War,,Strategy; Asymmetric,Fantasy,n/a,n/a,n/a,n/a,English,n/a,,,39.99,0
The Buildings,TGW-4,The Gods War,The Gods War,,Strategy; Asymmetric,Fantasy,n/a,n/a,n/a,n/a,English,n/a,,,79.99,0
Arachne Solara,TGW-ARACHNE,The Gods War,The Gods War,,Strategy; Asymmetric,Fantasy,n/a,n/a,n/a,n/a,English,n/a,,,24.99,0
Battle Dice,TGW-DICE,The Gods War,The Gods War,,Strategy; Asymmetric,Fantasy,n/a,n/a,n/a,n/a,English,n/a,,,14.99,0
The Monsters Art Print,TGW-Poster,The Gods War,The Gods War,,Strategy; Asymmetric,Fantasy,n/a,n/a,n/a,n/a,English,n/a,,,9.99,0
"Resin Set (Heroes, Monsters and Greater Gods)",TGW-RESIN,The Gods War,The Gods War,,Strategy; Asymmetric,Fantasy,n/a,n/a,n/a,n/a,English,n/a,,,1000,0
Special Orlanth,TGW-STORMKING,The Gods War,The Gods War,,Strategy; Asymmetric,Fantasy,n/a,n/a,n/a,n/a,English,n/a,,,24.99,0
The Gods War VF,TGW-VF,The Gods War,The Gods War,,Strategy; Asymmetric,Fantasy,3,4,60-90 min,n/a,VF,3,Core Game,,129.99,0
The Empires VF,TGW-VF1,The Gods War,The Gods War,,Strategy; Asymmetric,Fantasy,3,8,n/a,n/a,VF,n/a,,,139.99,0
Elder Races VF,TGW-VF2,The Gods War,The Gods War,,Strategy; Asymmetric,Fantasy,n/a,n/a,n/a,n/a,VF,n/a,,,99.99,0
The Monsters - DRAGONS VF,TGW-VF3A,The Gods War,The Gods War,,Strategy; Asymmetric,Fantasy,n/a,n/a,n/a,n/a,VF,n/a,,,39.99,0
The Monsters - CHAOS Monsters VF,TGW-VF3B,The Gods War,The Gods War,,Strategy; Asymmetric,Fantasy,n/a,n/a,n/a,n/a,VF,n/a,,,39.99,0
The Monsters - COSMIC Monsters VF,TGW-VF3C,The Gods War,The Gods War,,Strategy; Asymmetric,Fantasy,n/a,n/a,n/a,n/a,VF,n/a,,,39.99,0
Arachne Solara VF,TGW-VF-ARACHNE,The Gods War,The Gods War,,Strategy; Asymmetric,Fantasy,n/a,n/a,n/a,n/a,VF,n/a,,,24.99,0
New Blood,TH-NB,Theomachy,,Theomachy,,Fantasy,n/a,n/a,n/a,n/a,English,n/a,,,7.99,9.99
The Tooth Fairy Game,TOOTHF,The Tooth Fairy Game,,The Tooth Fairy Game,,Family Fun,2,5,15 min,6,English,1,Core Game,,24.99,0
Unlocking Insanity - Dice Vermiis Mysteriis,WG1,Unlocking Insanity,,Unlocking Insanity,,Cthulhu Mythos,2,5,30 min,10,English,2,Core Game,,19.99,0
Unlocking Insanity - Dry Erase Kit,WG1-2,Unlocking Insanity,,Unlocking Insanity,,Cthulhu Mythos,n/a,n/a,n/a,n/a,English,n/a,,,5.99,0
Two Minute Dino Deal,WG2,Two Minute Dino Deal,,Two Minute Dino Deal,,Sci-fi; Family Fun,2,5,2 min,8,English,1,Core Game,,14.99,0
Marry the Monster,WG3,Marry the Monster,,Marry the Monster,,Fantasy; Family Fun,3,5,30 min,14,English,1,Core Game,,29.99,0
Potions and Profits,WG4,Potions and Profits,,Potions and Profits,,Fantasy; Family Fun,3,6,30 min,8,English,1,Core Game,,24.99,0
Invasion of the Brood,WG5,Invasion of the Brood,Invasion of the Brood,,Strategy; Asymmetric,Sci-fi,2,2,45 min,14,English,4,Core Game,,24.99,0
Evacuate,WG6,Evacuate,,Evacuate,,Sci-fi,2,6,30 min,14,English,2,Core Game,,39.99,0
Quivit,WG7,Quivit,,Quivit,,Family Fun,2,5,15 min,6,English,1,Core Game,,9.99,0
Cthulhu Cuisine,WG8,Cthulhu Cuisine,,Cthulhu Cuisine,,Cthulhu Mythos; Family Fun,2,5,20 min,10,English,1,Core Game,,24.99,0